[{"Key":"arQxkzyGzRFIDFiDsTNjXrLgZSgrs","Value":{"$type":"Department","TypeDepartment":"\u0426\u0435\u0445 \u0440\u0430\u0441\u043A\u0440\u043E\u044F","CountDepartments":483746,"BaseProduction":{"$type":"Production","Type":"\u041A\u043E\u0441\u0442\u044E\u043C\u044B \u0438 \u0432\u0435\u0447\u0435\u0440\u043D\u0438\u0435 \u043D\u0430\u0440\u044F\u0434\u044B","CountProd":885034},"Type":"\u041A\u043E\u0441\u0442\u044E\u043C\u044B \u0438 \u0432\u0435\u0447\u0435\u0440\u043D\u0438\u0435 \u043D\u0430\u0440\u044F\u0434\u044B","CountProd":885034},"NextEl":null},{"Key":"wpgPvUuIfVClkNtXDvtKXEaFupDkp","Value":{"$type":"Production","Type":"\u0421\u043F\u0435\u0446\u0438\u0430\u043B\u044C\u043D\u0430\u044F \u043E\u0434\u0435\u0436\u0434\u0430","CountProd":385819},"NextEl":null},{"Key":"UlubtjNeWcXRSyJuZU","Value":{"$type":"Production","Type":"\u0422\u0435\u043A\u0441\u0442\u0438\u043B\u044C \u0434\u043B\u044F \u0441\u043F\u043E\u0440\u0442\u0430 \u0438 \u0430\u043A\u0442\u0438\u0432\u043D\u043E\u0433\u043E \u043E\u0442\u0434\u044B\u0445\u0430","CountProd":371689},"NextEl":null},{"Key":"mPknsOWUkmkCvQSuzefGUapeUsejXb","Value":{"$type":"Production","Type":"\u041E\u0434\u0435\u0436\u0434\u0430","CountProd":492191},"NextEl":null},{"Key":"dCQIFOZmMcuAYaPSAmzdedwlQHwxkNXbQQLFhmNZ","Value":{"$type":"Production","Type":"\u0410\u043A\u0441\u0435\u0441\u0441\u0443\u0430\u0440\u044B","CountProd":774601},"NextEl":null},{"Key":"JodUPeyOeXrmHGYcfmfMnWWWPQYjbcXsJAxKjaxixHZAAqsdqha","Value":{"$type":"Factory","CountDepartments":658943,"BaseProduction":{"$type":"Production","Type":"\u041E\u0431\u0443\u0432\u044C","CountProd":780458},"Type":"\u041E\u0431\u0443\u0432\u044C","CountProd":780458},"NextEl":{"Key":"GCMMrNsmGISOWkb","Value":{"$type":"Production","Type":"\u0414\u0435\u0442\u0441\u043A\u0430\u044F \u043E\u0434\u0435\u0436\u0434\u0430","CountProd":357506},"NextEl":{"Key":"KFSaiqjIOFRoeCVUZLTtLLeMIQGJushoMW","Value":{"$type":"Department","TypeDepartment":"\u0426\u0435\u0445 \u0440\u0430\u0441\u043A\u0440\u043E\u044F","CountDepartments":773345,"BaseProduction":{"$type":"Production","Type":"\u041E\u0431\u0443\u0432\u044C","CountProd":412777},"Type":"\u041E\u0431\u0443\u0432\u044C","CountProd":412777},"NextEl":null}}},{"Key":"GCMMrNsmGISOWkb","Value":{"$type":"Production","Type":"\u0414\u0435\u0442\u0441\u043A\u0430\u044F \u043E\u0434\u0435\u0436\u0434\u0430","CountProd":357506},"NextEl":{"Key":"KFSaiqjIOFRoeCVUZLTtLLeMIQGJushoMW","Value":{"$type":"Department","TypeDepartment":"\u0426\u0435\u0445 \u0440\u0430\u0441\u043A\u0440\u043E\u044F","CountDepartments":773345,"BaseProduction":{"$type":"Production","Type":"\u041E\u0431\u0443\u0432\u044C","CountProd":412777},"Type":"\u041E\u0431\u0443\u0432\u044C","CountProd":412777},"NextEl":null}},{"Key":"KFSaiqjIOFRoeCVUZLTtLLeMIQGJushoMW","Value":{"$type":"Department","TypeDepartment":"\u0426\u0435\u0445 \u0440\u0430\u0441\u043A\u0440\u043E\u044F","CountDepartments":773345,"BaseProduction":{"$type":"Production","Type":"\u041E\u0431\u0443\u0432\u044C","CountProd":412777},"Type":"\u041E\u0431\u0443\u0432\u044C","CountProd":412777},"NextEl":null},{"Key":"dfUnzVlwonlhdyGjsWrvOyfivzmthuLNBsGkWdefKKy","Value":{"$type":"Factory","CountDepartments":123262,"BaseProduction":{"$type":"Production","Type":"\u0422\u0435\u043A\u0441\u0442\u0438\u043B\u044C \u0434\u043B\u044F \u0441\u043F\u043E\u0440\u0442\u0430 \u0438 \u0430\u043A\u0442\u0438\u0432\u043D\u043E\u0433\u043E \u043E\u0442\u0434\u044B\u0445\u0430","CountProd":122048},"Type":"\u0422\u0435\u043A\u0441\u0442\u0438\u043B\u044C \u0434\u043B\u044F \u0441\u043F\u043E\u0440\u0442\u0430 \u0438 \u0430\u043A\u0442\u0438\u0432\u043D\u043E\u0433\u043E \u043E\u0442\u0434\u044B\u0445\u0430","CountProd":122048},"NextEl":null}]