<?xml version="1.0" encoding="utf-8"?>
<ArrayOfItemHTOfStringProduction xmlns:xsi="http://www.w3.org/2001/XMLSchema-instance" xmlns:xsd="http://www.w3.org/2001/XMLSchema">
  <ItemHTOfStringProduction>
    <Key>fuGhtYthkmVDjsOAstrIEsPHjZvQkrWAvClvpOyfNKDTLqnQL</Key>
    <Value xsi:type="WorkShop" Type="Специальная одежда" CountProd="811404">
      <CountDepartments>413869</CountDepartments>
      <TypeDepartment>Цех раскроя</TypeDepartment>
      <CountWorker>376743</CountWorker>
    </Value>
  </ItemHTOfStringProduction>
  <ItemHTOfStringProduction>
    <Key>fIZTJSTpNSMImRH</Key>
    <Value xsi:type="WorkShop" Type="Текстиль для спорта и активного отдыха" CountProd="997027">
      <CountDepartments>543178</CountDepartments>
      <TypeDepartment>Цех раскроя</TypeDepartment>
      <CountWorker>449233</CountWorker>
    </Value>
    <NextEl>
      <Key>NfEDTPCqVRicdgSyeeBGHYIARjtLEtYvWSPbmYywLVt</Key>
      <Value xsi:type="Factory" Type="Аксессуары" CountProd="625646">
        <CountDepartments>788836</CountDepartments>
      </Value>
      <NextEl>
        <Key>qBmhhtnGODvewGLzak</Key>
        <Value Type="Текстиль для спорта и активного отдыха" CountProd="544408" />
      </NextEl>
    </NextEl>
  </ItemHTOfStringProduction>
  <ItemHTOfStringProduction>
    <Key>NfEDTPCqVRicdgSyeeBGHYIARjtLEtYvWSPbmYywLVt</Key>
    <Value xsi:type="Factory" Type="Аксессуары" CountProd="625646">
      <CountDepartments>788836</CountDepartments>
    </Value>
    <NextEl>
      <Key>qBmhhtnGODvewGLzak</Key>
      <Value Type="Текстиль для спорта и активного отдыха" CountProd="544408" />
    </NextEl>
  </ItemHTOfStringProduction>
  <ItemHTOfStringProduction>
    <Key>qBmhhtnGODvewGLzak</Key>
    <Value Type="Текстиль для спорта и активного отдыха" CountProd="544408" />
  </ItemHTOfStringProduction>
  <ItemHTOfStringProduction>
    <Key>DVCUSEieRyaPnJFrFBhLlp</Key>
    <Value Type="Одежда" CountProd="407923" />
  </ItemHTOfStringProduction>
  <ItemHTOfStringProduction>
    <Key>XLnKeZmUMe</Key>
    <Value xsi:type="Factory" Type="Аксессуары" CountProd="741674">
      <CountDepartments>253666</CountDepartments>
    </Value>
    <NextEl>
      <Key>z</Key>
      <Value Type="Аксессуары" CountProd="882773" />
    </NextEl>
  </ItemHTOfStringProduction>
  <ItemHTOfStringProduction>
    <Key>z</Key>
    <Value Type="Аксессуары" CountProd="882773" />
  </ItemHTOfStringProduction>
  <ItemHTOfStringProduction>
    <Key>hkMBTWPcVydJvceEMgxIwenhBjlClLLBJItCWCARMGXHZf</Key>
    <Value xsi:type="Factory" Type="Детская одежда" CountProd="711868">
      <CountDepartments>122102</CountDepartments>
    </Value>
  </ItemHTOfStringProduction>
  <ItemHTOfStringProduction>
    <Key>hbcpUrnQbfrCuxNQUYLitrvbzMtINZclP</Key>
    <Value xsi:type="Department" Type="Текстиль для спорта и активного отдыха" CountProd="946176">
      <CountDepartments>595620</CountDepartments>
      <TypeDepartment>Цех раскроя</TypeDepartment>
    </Value>
    <NextEl>
      <Key>wxxCggjewcWmumglILvgLkPSboSIUPqOSWFaKDlBXPTe</Key>
      <Value Type="Специальная одежда" CountProd="520637" />
    </NextEl>
  </ItemHTOfStringProduction>
  <ItemHTOfStringProduction>
    <Key>wxxCggjewcWmumglILvgLkPSboSIUPqOSWFaKDlBXPTe</Key>
    <Value Type="Специальная одежда" CountProd="520637" />
  </ItemHTOfStringProduction>
</ArrayOfItemHTOfStringProduction>