{
  "$id": "1",
  "$values": [
    {
      "$id": "2",
      "Key": "JGRWiHWsLcqpzRNBGmwCVpt",
      "Value": {
        "$id": "3",
        "$type": "Factory",
        "CountDepartments": 292078,
        "BaseProduction": {
          "$id": "4",
          "$type": "Production",
          "Type": "\u041E\u0434\u0435\u0436\u0434\u0430",
          "CountProd": 922360
        },
        "Type": "\u041E\u0434\u0435\u0436\u0434\u0430",
        "CountProd": 922360
      },
      "NextEl": null
    },
    {
      "$id": "5",
      "Key": "hhapspfFogcKVCLuaW",
      "Value": {
        "$id": "6",
        "$type": "Production",
        "Type": "\u0421\u043F\u0435\u0446\u0438\u0430\u043B\u044C\u043D\u0430\u044F \u043E\u0434\u0435\u0436\u0434\u0430",
        "CountProd": 660995
      },
      "NextEl": null
    },
    {
      "$id": "7",
      "Key": "GuGQXaWhjlVVIDGdcmkaHHNHupmnnkP",
      "Value": {
        "$id": "8",
        "$type": "Factory",
        "CountDepartments": 393362,
        "BaseProduction": {
          "$id": "9",
          "$type": "Production",
          "Type": "\u041E\u0434\u0435\u0436\u0434\u0430",
          "CountProd": 197661
        },
        "Type": "\u041E\u0434\u0435\u0436\u0434\u0430",
        "CountProd": 197661
      },
      "NextEl": null
    },
    {
      "$id": "10",
      "Key": "rafBidVyDHmDfarfOPJGAahMiAdNKgLreDWzv",
      "Value": {
        "$id": "11",
        "$type": "WorkShop",
        "CountWorker": 47087,
        "TypeDepartment": "\u0426\u0435\u0445 \u0440\u0430\u0441\u043A\u0440\u043E\u044F",
        "CountDepartments": 109112,
        "BaseProduction": {
          "$id": "12",
          "$type": "Production",
          "Type": "\u041E\u0434\u0435\u0436\u0434\u0430",
          "CountProd": 479756
        },
        "Type": "\u041E\u0434\u0435\u0436\u0434\u0430",
        "CountProd": 479756
      },
      "NextEl": null
    },
    {
      "$id": "13",
      "Key": "yiaGqveuqzgyuUJDnW",
      "Value": {
        "$id": "14",
        "$type": "WorkShop",
        "CountWorker": 199988,
        "TypeDepartment": "\u0426\u0435\u0445 \u0440\u0430\u0441\u043A\u0440\u043E\u044F",
        "CountDepartments": 733235,
        "BaseProduction": {
          "$id": "15",
          "$type": "Production",
          "Type": "\u041E\u0431\u0443\u0432\u044C",
          "CountProd": 357314
        },
        "Type": "\u041E\u0431\u0443\u0432\u044C",
        "CountProd": 357314
      },
      "NextEl": null
    }
  ]
}