{
  "WSEvYThEe": {
    "Type": "\u041E\u0431\u0443\u0432\u044C",
    "CountProd": 531397,
    "CountDepartments": 548583,
    "TypeDiscriminator": "Factory"
  },
  "vGYKmvzfRUDJPOL": {
    "Type": "\u0410\u043A\u0441\u0435\u0441\u0441\u0443\u0430\u0440\u044B",
    "CountProd": 78926,
    "TypeDiscriminator": "Production"
  },
  "sCnVhWgwNJyVxAQJdOsXJSswH": {
    "Type": "\u041E\u0434\u0435\u0436\u0434\u0430",
    "CountProd": 159561,
    "CountDepartments": 472327,
    "TypeDepartment": "\u0426\u0435\u0445 \u0440\u0430\u0441\u043A\u0440\u043E\u044F",
    "CountWorker": 731636,
    "TypeDiscriminator": "WorkShop"
  },
  "QSLYtP": {
    "Type": "\u041A\u043E\u0441\u0442\u044E\u043C\u044B \u0438 \u0432\u0435\u0447\u0435\u0440\u043D\u0438\u0435 \u043D\u0430\u0440\u044F\u0434\u044B",
    "CountProd": 113048,
    "CountDepartments": 513337,
    "TypeDepartment": "\u0426\u0435\u0445 \u0440\u0430\u0441\u043A\u0440\u043E\u044F",
    "CountWorker": 741449,
    "TypeDiscriminator": "WorkShop"
  },
  "CtvxhldrefusuYMqkCEQPprSQbh": {
    "Type": "\u0421\u043F\u0435\u0446\u0438\u0430\u043B\u044C\u043D\u0430\u044F \u043E\u0434\u0435\u0436\u0434\u0430",
    "CountProd": 740967,
    "CountDepartments": 917635,
    "TypeDiscriminator": "Factory"
  }
}