﻿<?xml version="1.0" encoding="utf-8"?>
<HashTable>
  <ItemHTOfStringProduction>
    <Key>cMbnyxVnvOnYVwrxzhLtfEwamTYAQHuzkWzaFzqGuhX</Key>
    <Value p3:type="WorkShop" Type="Специальная одежда" CountProd="983966" xmlns:p3="http://www.w3.org/2001/XMLSchema-instance">
      <CountDepartments>478279</CountDepartments>
      <TypeDepartment>Цех раскроя</TypeDepartment>
      <CountWorker>479969</CountWorker>
    </Value>
  </ItemHTOfStringProduction>
  <ItemHTOfStringProduction>
    <Key>PAbFipbvCeduzDgVqxaJFA</Key>
    <Value p3:type="Department" Type="Аксессуары" CountProd="182410" xmlns:p3="http://www.w3.org/2001/XMLSchema-instance">
      <CountDepartments>472883</CountDepartments>
      <TypeDepartment>Цех раскроя</TypeDepartment>
    </Value>
    <NextEl>
      <Key>VPpRNyJVHojvhnK</Key>
      <Value p4:type="Factory" Type="Костюмы и вечерние наряды" CountProd="565853" xmlns:p4="http://www.w3.org/2001/XMLSchema-instance">
        <CountDepartments>670885</CountDepartments>
      </Value>
    </NextEl>
  </ItemHTOfStringProduction>
  <ItemHTOfStringProduction>
    <Key>VPpRNyJVHojvhnK</Key>
    <Value p3:type="Factory" Type="Костюмы и вечерние наряды" CountProd="565853" xmlns:p3="http://www.w3.org/2001/XMLSchema-instance">
      <CountDepartments>670885</CountDepartments>
    </Value>
  </ItemHTOfStringProduction>
  <ItemHTOfStringProduction>
    <Key>bWtYUvzVofeWvgJowTjGFtCRWfTtkapXfePrkJXqYIQi</Key>
    <Value Type="Детская одежда" CountProd="353251" />
    <NextEl>
      <Key>LjpxlCUDcxNFcTBcpIgYndliUoogcXp</Key>
      <Value p4:type="WorkShop" Type="Обувь" CountProd="255143" xmlns:p4="http://www.w3.org/2001/XMLSchema-instance">
        <CountDepartments>824769</CountDepartments>
        <TypeDepartment>Цех раскроя</TypeDepartment>
        <CountWorker>600118</CountWorker>
      </Value>
    </NextEl>
  </ItemHTOfStringProduction>
  <ItemHTOfStringProduction>
    <Key>LjpxlCUDcxNFcTBcpIgYndliUoogcXp</Key>
    <Value p3:type="WorkShop" Type="Обувь" CountProd="255143" xmlns:p3="http://www.w3.org/2001/XMLSchema-instance">
      <CountDepartments>824769</CountDepartments>
      <TypeDepartment>Цех раскроя</TypeDepartment>
      <CountWorker>600118</CountWorker>
    </Value>
  </ItemHTOfStringProduction>
  <ItemHTOfStringProduction>
    <Key>dtWTcHcFodxBOdIoufARbuMLaWdbfgQGGHutjZq</Key>
    <Value p3:type="WorkShop" Type="Одежда" CountProd="105228" xmlns:p3="http://www.w3.org/2001/XMLSchema-instance">
      <CountDepartments>612593</CountDepartments>
      <TypeDepartment>Цех раскроя</TypeDepartment>
      <CountWorker>212184</CountWorker>
    </Value>
  </ItemHTOfStringProduction>
  <ItemHTOfStringProduction>
    <Key>gFpTpADeCraRWJtfABIpkynAZsPqHGejkOvIbD</Key>
    <Value Type="Специальная одежда" CountProd="375678" />
  </ItemHTOfStringProduction>
</HashTable>