<?xml version="1.0" encoding="utf-8"?>
<HashTable xmlns:xsi="http://www.w3.org/2001/XMLSchema-instance" xmlns:xsd="http://www.w3.org/2001/XMLSchema">
  <ItemHTOfStringProduction>
    <Key>WSGxuphJBMgjGsuLMTMbYiq</Key>
    <Value xsi:type="Department" Type="Одежда" CountProd="647881">
      <CountDepartments>387516</CountDepartments>
      <TypeDepartment>Цех раскроя</TypeDepartment>
    </Value>
    <NextEl>
      <Key>NHiFJxIoesNyNmtKcXuGVArQtDVDGyxYLBAnhMxmc</Key>
      <Value xsi:type="WorkShop" Type="Аксессуары" CountProd="136205">
        <CountDepartments>843967</CountDepartments>
        <TypeDepartment>Цех раскроя</TypeDepartment>
        <CountWorker>650443</CountWorker>
      </Value>
    </NextEl>
  </ItemHTOfStringProduction>
  <ItemHTOfStringProduction>
    <Key>NHiFJxIoesNyNmtKcXuGVArQtDVDGyxYLBAnhMxmc</Key>
    <Value xsi:type="WorkShop" Type="Аксессуары" CountProd="136205">
      <CountDepartments>843967</CountDepartments>
      <TypeDepartment>Цех раскроя</TypeDepartment>
      <CountWorker>650443</CountWorker>
    </Value>
  </ItemHTOfStringProduction>
  <ItemHTOfStringProduction>
    <Key>jwxHACaCUstJEikmAlek</Key>
    <Value xsi:type="WorkShop" Type="Обувь" CountProd="805041">
      <CountDepartments>136629</CountDepartments>
      <TypeDepartment>Цех раскроя</TypeDepartment>
      <CountWorker>364738</CountWorker>
    </Value>
  </ItemHTOfStringProduction>
  <ItemHTOfStringProduction>
    <Key>SdOXOzLcAHElJWtupnweSfZwPttd</Key>
    <Value xsi:type="Factory" Type="Специальная одежда" CountProd="767002">
      <CountDepartments>122057</CountDepartments>
    </Value>
    <NextEl>
      <Key>yrNvzTNbbAfDXqhGcHkARIKCWaWdJrFIWgnKHeZ</Key>
      <Value xsi:type="WorkShop" Type="Детская одежда" CountProd="62796">
        <CountDepartments>179812</CountDepartments>
        <TypeDepartment>Цех раскроя</TypeDepartment>
        <CountWorker>463610</CountWorker>
      </Value>
    </NextEl>
  </ItemHTOfStringProduction>
  <ItemHTOfStringProduction>
    <Key>yrNvzTNbbAfDXqhGcHkARIKCWaWdJrFIWgnKHeZ</Key>
    <Value xsi:type="WorkShop" Type="Детская одежда" CountProd="62796">
      <CountDepartments>179812</CountDepartments>
      <TypeDepartment>Цех раскроя</TypeDepartment>
      <CountWorker>463610</CountWorker>
    </Value>
  </ItemHTOfStringProduction>
</HashTable>