<?xml version="1.0" encoding="utf-8"?>
<ArrayOfItemHTOfStringProduction xmlns:xsi="http://www.w3.org/2001/XMLSchema-instance" xmlns:xsd="http://www.w3.org/2001/XMLSchema">
  <ItemHTOfStringProduction>
    <Key>ojlyJsAGuSvoHCmSfbKHGDEfH</Key>
    <Value xsi:type="Factory" Type="Специальная одежда" CountProd="27783">
      <CountDepartments>623492</CountDepartments>
    </Value>
    <NextEl>
      <Key>FtDaBZaMqlbgMEXWn</Key>
      <Value Type="Детская одежда" CountProd="549227" />
    </NextEl>
  </ItemHTOfStringProduction>
  <ItemHTOfStringProduction>
    <Key>FtDaBZaMqlbgMEXWn</Key>
    <Value Type="Детская одежда" CountProd="549227" />
  </ItemHTOfStringProduction>
  <ItemHTOfStringProduction>
    <Key>rqjpBQkoPBSEYBxCTIVHHcKCKHxqxBJxWKugXyigpOanxFpqbp</Key>
    <Value Type="Аксессуары" CountProd="982899" />
    <NextEl>
      <Key>dhmasKbEEAbRiDScXrtOgwxTHQgFNJOgPQnrvWfoPQbVq</Key>
      <Value xsi:type="Department" Type="Аксессуары" CountProd="313492">
        <CountDepartments>871742</CountDepartments>
        <TypeDepartment>Цех раскроя</TypeDepartment>
      </Value>
    </NextEl>
  </ItemHTOfStringProduction>
  <ItemHTOfStringProduction>
    <Key>dhmasKbEEAbRiDScXrtOgwxTHQgFNJOgPQnrvWfoPQbVq</Key>
    <Value xsi:type="Department" Type="Аксессуары" CountProd="313492">
      <CountDepartments>871742</CountDepartments>
      <TypeDepartment>Цех раскроя</TypeDepartment>
    </Value>
  </ItemHTOfStringProduction>
  <ItemHTOfStringProduction>
    <Key>xvKHHruxFw</Key>
    <Value Type="Детская одежда" CountProd="188432" />
  </ItemHTOfStringProduction>
</ArrayOfItemHTOfStringProduction>