﻿<?xml version="1.0" encoding="utf-8"?>
<HashTable>
  <ItemHTOfStringProduction>
    <Key>XscyoNnYxhZbpFtbqX</Key>
    <Value Type="Аксессуары" CountProd="804577" />
    <NextEl>
      <Key>DRLzSTMwXNngrQRJrnUgpsKWdYDQv</Key>
      <Value p4:type="WorkShop" Type="Текстиль для спорта и активного отдыха" CountProd="272257" xmlns:p4="http://www.w3.org/2001/XMLSchema-instance">
        <CountDepartments>370078</CountDepartments>
        <TypeDepartment>Цех раскроя</TypeDepartment>
        <CountWorker>875054</CountWorker>
      </Value>
      <NextEl>
        <Key>NnuxwcQoUJJzlJUpmKvO</Key>
        <Value Type="Обувь" CountProd="343834" />
      </NextEl>
    </NextEl>
  </ItemHTOfStringProduction>
  <ItemHTOfStringProduction>
    <Key>DRLzSTMwXNngrQRJrnUgpsKWdYDQv</Key>
    <Value p3:type="WorkShop" Type="Текстиль для спорта и активного отдыха" CountProd="272257" xmlns:p3="http://www.w3.org/2001/XMLSchema-instance">
      <CountDepartments>370078</CountDepartments>
      <TypeDepartment>Цех раскроя</TypeDepartment>
      <CountWorker>875054</CountWorker>
    </Value>
    <NextEl>
      <Key>NnuxwcQoUJJzlJUpmKvO</Key>
      <Value Type="Обувь" CountProd="343834" />
    </NextEl>
  </ItemHTOfStringProduction>
  <ItemHTOfStringProduction>
    <Key>NnuxwcQoUJJzlJUpmKvO</Key>
    <Value Type="Обувь" CountProd="343834" />
  </ItemHTOfStringProduction>
  <ItemHTOfStringProduction>
    <Key>IuGtQlgPwRTcLiZIkeqDtJBPLcHo</Key>
    <Value p3:type="WorkShop" Type="Одежда" CountProd="959336" xmlns:p3="http://www.w3.org/2001/XMLSchema-instance">
      <CountDepartments>291512</CountDepartments>
      <TypeDepartment>Цех раскроя</TypeDepartment>
      <CountWorker>307035</CountWorker>
    </Value>
  </ItemHTOfStringProduction>
  <ItemHTOfStringProduction>
    <Key>RHCnAHBGBQrou</Key>
    <Value p3:type="Department" Type="Текстиль для спорта и активного отдыха" CountProd="696908" xmlns:p3="http://www.w3.org/2001/XMLSchema-instance">
      <CountDepartments>391656</CountDepartments>
      <TypeDepartment>Цех раскроя</TypeDepartment>
    </Value>
  </ItemHTOfStringProduction>
</HashTable>